Date/Time,Word Count,de,en,es,fr,it,ja-JP,no,pl-PL,pt,pt-BR,ro-MD,ro-RO,ru,tr-TR,zh-Hans,zh-Hant
2024.11.15-15.21.03,789,0,789,0,0,0,0,0,0,0,0,0,0,0,0,0,0
2024.11.15-17.11.38,789,0,789,0,25,0,0,0,0,0,0,0,0,0,0,0,0
2024.11.15-18.27.46,789,0,789,0,112,0,0,0,0,0,0,0,0,0,0,0,0
2024.11.15-21.17.31,788,0,788,0,143,0,0,0,0,0,0,0,0,0,0,0,0
2024.11.15-21.42.22,788,147,788,0,143,0,0,0,0,0,0,0,0,0,0,0,0
2024.11.15-22.37.01,788,147,788,0,145,0,0,0,0,0,0,0,0,0,0,0,0
2024.11.15-23.33.27,788,147,788,0,145,0,0,0,0,0,0,0,0,0,0,146,0
2024.11.15-23.56.19,788,147,788,0,145,144,0,0,0,0,0,0,0,0,0,146,0
2024.11.16-00.13.53,788,147,788,143,145,144,0,0,0,0,0,0,0,0,0,146,0
2024.11.16-00.16.32,785,144,785,143,142,144,0,0,0,0,0,0,0,0,0,144,0
2024.11.16-00.31.05,785,144,785,143,142,144,0,0,0,0,143,0,0,0,0,144,0
2024.11.16-00.49.14,785,144,785,143,142,144,0,0,143,0,143,0,0,0,0,144,0
2024.11.16-01.09.03,785,144,785,143,142,144,0,0,143,0,143,0,0,143,0,144,0
2024.11.16-01.27.41,785,144,785,143,142,144,143,0,143,0,143,0,0,143,0,144,0
2024.11.16-01.33.14,785,144,785,143,142,144,143,0,143,0,143,0,0,143,0,144,144
2024.11.16-01.55.57,785,144,785,143,142,144,143,0,143,0,143,0,0,143,143,144,144
2024.11.16-02.14.12,785,144,785,143,142,144,143,143,143,0,143,0,0,143,143,144,144
2024.11.16-02.50.45,785,144,785,143,142,144,143,143,143,0,143,0,143,143,143,144,144
